Temperature,-21.0
Humidity,80.0
Motion,0.2080536912751678
Light Intensity,1022.1744966442953
Fire State,0.5503355704697986
Air Quality,625.8657718120805
Soil Moisture,60.12080536912752
Temperature,-21.0
Humidity,80.0
Motion,0.2080536912751678
Light Intensity,1022.1744966442953
Fire State,0.5503355704697986
Air Quality,625.8657718120805
Soil Moisture,60.12080536912752
