Temperature,0.0
Humidity,0.0
Motion,0.4072844776644668
Light Intensity,1.1072948753006318
Fire State,0.49913765650881475
Air Quality,324.5829893820544
Soil Moisture,32.35464642509548
Temperature,0.0
Humidity,0.0
Motion,0.4072844776644668
Light Intensity,1.1072948753006318
Fire State,0.49913765650881475
Air Quality,324.5829893820544
Soil Moisture,32.35464642509548
