Temperature,0.0
Humidity,0.0
Motion,0.16588064574641756
Light Intensity,1.2261019408670415
Fire State,0.24913840014511154
Air Quality,105354.11699619083
Soil Moisture,1046.823145292944
Temperature,0.0
Humidity,0.0
Motion,0.16588064574641756
Light Intensity,1.2261019408670415
Fire State,0.24913840014511154
Air Quality,105354.11699619083
Soil Moisture,1046.823145292944
